link,title
https://max.de.wilde.web.ulb.be/camille/KB_JB230_1892-08-07_01-0003.pdf,KB_JB230_1892-08-07_01-0003.pdf
https://max.de.wilde.web.ulb.be/camille/KB_JB427_1920-01-10_01-00004.pdf,KB_JB427_1920-01-10_01-00004.pdf
https://max.de.wilde.web.ulb.be/camille/KB_JB555_1836-02-08_01-00002.pdf,KB_JB555_1836-02-08_01-00002.pdf
https://max.de.wilde.web.ulb.be/camille/KB_JB638_1860-05-21_01-00002.pdf,KB_JB638_1860-05-21_01-00002.pdf
https://max.de.wilde.web.ulb.be/camille/KB_JB773_1918-11-30_01-00002.pdf,KB_JB773_1918-11-30_01-00002.pdf
https://max.de.wilde.web.ulb.be/camille/KB_JB838_1887-12-28_01-00003.pdf,KB_JB838_1887-12-28_01-00003.pdf
https://max.de.wilde.web.ulb.be/camille/KB_JB230_1903-10-16_01-0002.pdf,KB_JB230_1903-10-16_01-0002.pdf
https://max.de.wilde.web.ulb.be/camille/KB_JB427_1933-01-04_01-00003.pdf,KB_JB427_1933-01-04_01-00003.pdf
https://max.de.wilde.web.ulb.be/camille/KB_JB555_1899-01-19_01-00003.pdf,KB_JB555_1899-01-19_01-00003.pdf
https://max.de.wilde.web.ulb.be/camille/KB_JB638_1902-12-20_01-00002.pdf,KB_JB638_1902-12-20_01-00002.pdf
https://max.de.wilde.web.ulb.be/camille/KB_JB773_1933-10-07_01-00007.pdf,KB_JB773_1933-10-07_01-00007.pdf
https://max.de.wilde.web.ulb.be/camille/KB_JB838_1911-08-03_01-00006.pdf,KB_JB838_1911-08-03_01-00006.pdf
https://max.de.wilde.web.ulb.be/camille/KB_JB230_1913-07-05_01-0001.pdf,KB_JB230_1913-07-05_01-0001.pdf
https://max.de.wilde.web.ulb.be/camille/KB_JB427_1949-07-18_01-00008.pdf,KB_JB427_1949-07-18_01-00008.pdf
https://max.de.wilde.web.ulb.be/camille/KB_JB555_1940-03-01_01-00004.pdf,KB_JB555_1940-03-01_01-00004.pdf
https://max.de.wilde.web.ulb.be/camille/KB_JB638_1946-07-18_01-00003.pdf,KB_JB638_1946-07-18_01-00003.pdf
https://max.de.wilde.web.ulb.be/camille/KB_JB773_1950-07-22_01-00010.pdf,KB_JB773_1950-07-22_01-00010.pdf
https://max.de.wilde.web.ulb.be/camille/KB_JB838_1943-09-04_01-00002.pdf,KB_JB838_1943-09-04_01-00002.pdf
https://max.de.wilde.web.ulb.be/camille/KB_JB258_1884-09-03_01-0003.pdf,KB_JB258_1884-09-03_01-0003.pdf
https://max.de.wilde.web.ulb.be/camille/KB_JB449_1846-05-30_01-00002.pdf,KB_JB449_1846-05-30_01-00002.pdf
https://max.de.wilde.web.ulb.be/camille/KB_JB567_1857-02-02_01-00003.pdf,KB_JB567_1857-02-02_01-00003.pdf
https://max.de.wilde.web.ulb.be/camille/KB_JB685_1894-05-14_01-0003.pdf,KB_JB685_1894-05-14_01-0003.pdf
https://max.de.wilde.web.ulb.be/camille/KB_JB835_1911-04-24_01-00004.pdf,KB_JB835_1911-04-24_01-00004.pdf
https://max.de.wilde.web.ulb.be/camille/KB_JB92_1860-02-09_01-00003.pdf,KB_JB92_1860-02-09_01-00003.pdf
https://max.de.wilde.web.ulb.be/camille/KB_JB258_1894-12-09_01-0003.pdf,KB_JB258_1894-12-09_01-0003.pdf
https://max.de.wilde.web.ulb.be/camille/KB_JB449_1912-01-04_01-00003.pdf,KB_JB449_1912-01-04_01-00003.pdf
https://max.de.wilde.web.ulb.be/camille/KB_JB567_1892-01-03_01-00005.pdf,KB_JB567_1892-01-03_01-00005.pdf
https://max.de.wilde.web.ulb.be/camille/KB_JB685_1903-01-18_01-0002.pdf,KB_JB685_1903-01-18_01-0002.pdf
https://max.de.wilde.web.ulb.be/camille/KB_JB835_1930-04-08_01-00006.pdf,KB_JB835_1930-04-08_01-00006.pdf
https://max.de.wilde.web.ulb.be/camille/KB_JB92_1873-02-06_01-00002.pdf,KB_JB92_1873-02-06_01-00002.pdf
https://max.de.wilde.web.ulb.be/camille/KB_JB258_1906-01-09_01-0002.pdf,KB_JB258_1906-01-09_01-0002.pdf
https://max.de.wilde.web.ulb.be/camille/KB_JB449_1947-08-29_01-00003.pdf,KB_JB449_1947-08-29_01-00003.pdf
https://max.de.wilde.web.ulb.be/camille/KB_JB567_1924-08-30_01-00003.pdf,KB_JB567_1924-08-30_01-00003.pdf
https://max.de.wilde.web.ulb.be/camille/KB_JB685_1913-06-07_01-0006.pdf,KB_JB685_1913-06-07_01-0006.pdf
https://max.de.wilde.web.ulb.be/camille/KB_JB835_1949-09-18_01-00004.pdf,KB_JB835_1949-09-18_01-00004.pdf
https://max.de.wilde.web.ulb.be/camille/KB_JB92_1885-09-29_01-00002.pdf,KB_JB92_1885-09-29_01-00002.pdf
https://max.de.wilde.web.ulb.be/camille/KB_JB421_1899-05-15_01-00003.pdf,KB_JB421_1899-05-15_01-00003.pdf
https://max.de.wilde.web.ulb.be/camille/KB_JB494_1853-10-30_01-0002.pdf,KB_JB494_1853-10-30_01-0002.pdf
https://max.de.wilde.web.ulb.be/camille/KB_JB572_1850-03-15_01-00003.pdf,KB_JB572_1850-03-15_01-00003.pdf
https://max.de.wilde.web.ulb.be/camille/KB_JB729_1895-10-08_01-00003.pdf,KB_JB729_1895-10-08_01-00003.pdf
https://max.de.wilde.web.ulb.be/camille/KB_JB837_1886-12-28_01-00002.pdf,KB_JB837_1886-12-28_01-00002.pdf
https://max.de.wilde.web.ulb.be/camille/KB_JB421_1926-10-29_01-00002.pdf,KB_JB421_1926-10-29_01-00002.pdf
https://max.de.wilde.web.ulb.be/camille/KB_JB494_1922-09-28_01-0005.pdf,KB_JB494_1922-09-28_01-0005.pdf
https://max.de.wilde.web.ulb.be/camille/KB_JB572_1927-07-20_01-00005.pdf,KB_JB572_1927-07-20_01-00005.pdf
https://max.de.wilde.web.ulb.be/camille/KB_JB729_1927-11-15_01-00004.pdf,KB_JB729_1927-11-15_01-00004.pdf
https://max.de.wilde.web.ulb.be/camille/KB_JB837_1925-01-01_01-00003.pdf,KB_JB837_1925-01-01_01-00003.pdf
https://max.de.wilde.web.ulb.be/camille/KB_JB421_1950-04-15_01-00004.pdf,KB_JB421_1950-04-15_01-00004.pdf
https://max.de.wilde.web.ulb.be/camille/KB_JB494_1939-12-08_01-0004.pdf,KB_JB494_1939-12-08_01-0004.pdf
https://max.de.wilde.web.ulb.be/camille/KB_JB572_1950-06-07_01-00004.pdf,KB_JB572_1950-06-07_01-00004.pdf
https://max.de.wilde.web.ulb.be/camille/KB_JB729_1939-10-31_01-00006.pdf,KB_JB729_1939-10-31_01-00006.pdf
https://max.de.wilde.web.ulb.be/camille/KB_JB837_1950-12-01_01-00007.pdf,KB_JB837_1950-12-01_01-00007.pdf
